,mean_abs_deviation,max_abs_deviation
cfqra,1.8281994201698075,4.088838268792713
qra,1.6903603230482525,3.4090909090909065
cqr_cfqra,2.2006626630772432,4.316628701594539
aci_cfqra,2.169910954648997,13.181818181818173
waci_cfqra,1.9275212259266965,4.0909090909090935
