,mean_abs_deviation,max_abs_deviation
cfqra,0.5590645820861866,1.1615472127417519
qra,0.7396969532057767,1.616609783845277
cqr_cfqra,0.497416561064162,0.9340159271899893
aci_cfqra,1.2945835633265177,2.8680318543799785
waci_cfqra,0.45526988890357245,0.9340159271899893
