,mean_abs_deviation,max_abs_deviation
cfqra,3.4584023607372116,7.494305239179951
qra,3.2722095671981792,7.727272727272734
cqr_cfqra,3.421800579830193,9.318181818181827
aci_cfqra,3.073747152619588,20.909090909090907
waci_cfqra,2.7613377510871815,7.5
