,mean_abs_deviation,max_abs_deviation
cfqra,1.6007318318341703,3.177676537585427
qra,1.5776029397664033,3.4072810011376617
cqr_cfqra,1.9960272726565988,3.177676537585427
aci_cfqra,2.033777252572686,7.855517633674623
waci_cfqra,1.63156258017368,3.521046643913536
