,empirical_coverage,average_length,median_length,winkler_score
cfqra,84.15120118410566,42.10788184576894,43.33597800257377,59.35599327333395
qra,84.26505749743824,42.912289855490435,44.656463891142494,60.88116857533065
cqr_cfqra,82.92155300011386,42.028201966902174,43.80183286296531,59.32345008629292
cqr_qra,83.27450757144483,43.01760042449212,45.00631721906558,60.734863173941555
aci_cfqra,79.60833428213594,39.14682624039206,38.20069663584901,58.895686570892124
aci_qra,79.58556301946943,39.69310549858802,39.39187357827915,60.30028479030422
waci_cfqra,82.1587157007856,41.013124156359055,42.59766688600982,59.05098982320967
waci_qra,82.92155300011386,42.23367590828557,44.553606651556876,60.0275342047864
