,empirical_coverage,average_length,median_length,winkler_score
cfqra,99.11192075600593,109.31610348182916,110.03638795617806,126.31978798503509
qra,98.88420812934076,114.80190022107443,116.3538050893128,139.391543257109
cqr_cfqra,99.25993396333827,118.02243229314558,115.45475693492779,130.37884961355368
cqr_qra,99.47626095867015,133.39218770189015,134.54878584854163,143.3195000860497
aci_cfqra,97.72287373334851,89.63239855475672,88.1104425096768,133.01651596842242
aci_qra,97.89365820334737,100.00405872276112,99.27822550887535,144.93868292036535
waci_cfqra,99.04360696800639,111.20330796363783,107.28592884688575,127.56732856633282
waci_qra,99.27131959467152,124.38275354716272,124.56960653989037,137.41301272595567
