,empirical_coverage,average_length,median_length,winkler_score
cfqra,96.11749971535922,74.59420463480589,75.90418853829603,90.99634449447854
qra,95.98087213936013,78.39113440747408,81.22767079963856,96.33788501175107
cqr_cfqra,96.90310827735398,79.66694645665159,81.81268604041963,92.44975989491874
cqr_qra,96.61846749402254,84.14058230619833,86.80869798878045,97.5580268148195
aci_cfqra,94.91062279403393,72.91865498248026,72.55848147619228,91.33233298751965
aci_qra,94.7853808493681,77.15557989088707,78.43794297722212,96.41826941008846
waci_cfqra,96.58431060002277,78.37694314273749,80.59054759463082,92.42910642426511
waci_qra,96.62985312535581,82.7412691404687,86.87990069277055,97.06704676482694
