,empirical_coverage,average_length,median_length,winkler_score
cfqra,94.15458385660463,2.9674181062826577,2.880088244076509,3.9527166864336385
qra,93.69791072040186,2.9353751564543993,2.848807841525157,3.9511494912690615
cqr_cfqra,94.44000456673136,3.1201351662828025,2.9201173914275467,3.9122277121336015
cqr_qra,94.34866993949082,3.083175100699612,2.914045917471504,3.9317906947986843
aci_cfqra,93.78924534764242,2.805048741585787,2.672485470521625,3.540983717533383
aci_qra,93.62940974997146,2.786645725764783,2.6781153735182075,3.5317234490926217
waci_cfqra,94.07466605776915,2.849256279761735,2.7085123345189634,3.5593652573733214
waci_qra,94.0175819157438,2.8414354358344296,2.735334391508001,3.5903318744353894
