,empirical_coverage,average_length,median_length,winkler_score
cfqra,88.53750428131065,2.420914287981539,2.3523657463874494,3.3701942067520108
qra,88.69733987898162,2.3918076285926904,2.333098177503816,3.359629138224485
cqr_cfqra,89.7020207786277,2.539339643962545,2.436455275714834,3.353608531976962
cqr_qra,89.43943372531112,2.4974920878874536,2.402555277308358,3.3531001249075163
aci_cfqra,89.34809909807055,2.406276276758393,2.3130659915092076,3.071574797237091
aci_qra,89.27959812764014,2.3783363507188864,2.3190911248982697,3.0584914742975706
waci_cfqra,89.50793469574153,2.3910267481882896,2.3047458009834614,3.084922079748937
waci_qra,89.50793469574153,2.3733675916238024,2.3003194457693876,3.0674142904747193
